mean_roc_auc,mean_pr_auc,accuracy,precision,recall,f1
0.845240276598484,0.18189411589802898,0.5272398847360751,0.06775618829857516,0.9860220919132688,0.12679915648441645
