mean_roc_auc,mean_pr_auc,accuracy,precision,recall,f1
0.8593464553734237,0.1979244473561438,0.9621143429529022,0.462785217541238,0.5490249556798036,0.5022298456260721
