mean_roc_auc,mean_pr_auc,accuracy,precision,recall,f1
0.9033497179389612,0.22902742727856246,0.8014783025630557,0.1366634356035064,0.8844265648438565,0.23674460201865338
