mean_roc_auc,mean_pr_auc,accuracy,precision,recall,f1
0.9074273072282432,0.2442802306562618,0.9727434997887461,0.6951563458001226,0.3865402972862403,0.4968231015292932
