mean_roc_auc,mean_pr_auc,accuracy,precision,recall,f1
0.8646531397298204,0.20646844377792756,0.9709371602728736,0.6632075471698113,0.3355379789990454,0.44562166078058496
