mean_roc_auc,mean_pr_auc,accuracy,precision,recall,f1
0.9069684273611466,0.25064420197070847,0.9695723176688963,0.8318361480416816,0.15784808400381836,0.2653447188950656
