mean_roc_auc,mean_pr_auc,accuracy,precision,recall,f1
0.9069462000328553,0.2515332826994461,0.9728194562467066,0.7023285084959093,0.38047183962907405,0.49356507894387686
