mean_roc_auc,mean_pr_auc,accuracy,precision,recall,f1
0.9073119764382371,0.25188348211640416,0.9724705312679507,0.7093912093912094,0.35435701622801036,0.47262640960349217
