model_type,mean_roc_auc,mean_pr_auc,accuracy,precision,recall,f1
xgboost_embedding,0.9209508565485051,0.2642817510532578,0.9745480665076113,0.7319426021946219,0.4082868097127867,0.5241796200345423
