mean_roc_auc,mean_pr_auc,accuracy,precision,recall,f1
0.9027022172688297,0.23351149609333288,0.8035623578783463,0.1384316390900788,0.8887903995636165,0.23955232109383615
