model_type,mean_roc_auc,mean_pr_auc,accuracy,precision,recall,f1
xgboost_baseline,0.9161862957718427,0.24121697464201758,0.9742308813121852,0.7279495268138801,0.3909861064046086,0.5087301587301587
