mean_roc_auc,mean_pr_auc,accuracy,precision,recall,f1
0.9071201991625673,0.2465691652945253,0.9727434997887461,0.6987635818658674,0.3814946133915178,0.49353857010541174
