mean_roc_auc,mean_pr_auc,accuracy,precision,recall,f1
0.8672981163713575,0.20288629882032283,0.9624680152102807,0.4663969035890218,0.5422746488476748,0.5014818084368498
