mean_roc_auc,mean_pr_auc,accuracy,precision,recall,f1
0.8633366066557338,0.19994699033995567,0.9702037057256927,0.6274888379389405,0.3545615709804991,0.45309981266065436
