model_type,mean_roc_auc,mean_pr_auc,accuracy,precision,recall,f1
mlp_baseline,0.9125951710513275,0.21881369046207444,0.9737128161007267,0.7570930056137156,0.3381904439173162,0.46753490115244073
