model_type,mean_roc_auc,mean_pr_auc,accuracy,precision,recall,f1
xgboost_smote,0.8917089668992306,0.2068726136094509,0.9706159887875886,0.7402719174871074,0.2140291426635039,0.3320540455286263
