mean_roc_auc,mean_pr_auc,accuracy,precision,recall,f1
0.9044401007206497,0.24985462978583495,0.9698642753041818,0.8130959949141767,0.17441701895540707,0.2872220974623849
