model_type,mean_roc_auc,mean_pr_auc,accuracy,precision,recall,f1
xgboost_weighted,0.9061605667940011,0.23263401955382673,0.8573493563502306,0.17704547957273428,0.8717045069467977,0.29431484045170075
