mean_roc_auc,mean_pr_auc,accuracy,precision,recall,f1
0.8493966018434703,0.192438515899137,0.47166824118074313,0.061354689260292236,0.9914768853129687,0.11555838118133233
